ClientIP,RequestCountByIP,AverageBytesByIP,Hour,Anomaly,ConfidenceScore,Reason
182.176.64.44,6,3131.3333333333335,13.0,Anomaly,70,Unusually high request count.; High data transfer per request.
144.22.126.181,5,2693.8,13.0,Anomaly,70,Unusually high request count.; High data transfer per request.
24.203.45.79,6,2918.1666666666665,18.0,Anomaly,70,Unusually high request count.; High data transfer per request.
c16f:f49a:cdf4:7c73:bb8c:be16:e521:84ea,3,2291.0,19.0,Anomaly,70,Unusually high request count.; High data transfer per request.
